experiment,pair_type,field,n_pairs,jaccard_mean,jaccard_median,char_sim_mean,char_sim_median,exact_match_pct,jaccard_pct_improved,jaccard_pct_worse,jaccard_pct_unchanged,char_pct_improved,char_pct_worse,char_pct_unchanged,numeric_overlap_mean
A_current,true_match,name,172731,0.64074,0.66667,0.77636,0.86207,25.546,0.0,0.0,100.0,0.0,0.0,100.0,
B_lower_punct,true_match,name,172731,0.61469,0.66667,0.77009,0.85714,21.671,0.0,6.395,93.605,0.287,6.265,93.448,
C_unicode_accent,true_match,name,172731,0.64074,0.66667,0.77636,0.86207,25.546,0.0,0.0,100.0,0.0,0.0,100.0,
D_legal_std,true_match,name,172731,0.65602,0.66667,0.7746,0.85714,28.412,3.834,0.005,96.162,10.585,9.566,79.848,
E_token_sort,true_match,name,172731,0.64074,0.66667,0.77994,0.86364,31.092,0.0,0.0,100.0,10.163,4.395,85.442,
F_combined,true_match,name,172731,0.65602,0.66667,0.7746,0.85714,28.412,3.834,0.005,96.162,10.585,9.566,79.848,
A_current,non_match,name,50000,0.02997,0.0,0.13293,0.10526,0.0,0.0,0.0,100.0,0.0,0.0,100.0,
B_lower_punct,non_match,name,50000,0.02915,0.0,0.13203,0.10526,0.0,0.0,0.52,99.48,0.218,1.596,98.186,
C_unicode_accent,non_match,name,50000,0.02997,0.0,0.13293,0.10526,0.0,0.0,0.0,100.0,0.0,0.0,100.0,
D_legal_std,non_match,name,50000,0.04523,0.0,0.16089,0.11538,0.0,7.126,0.0,92.874,22.078,10.138,67.784,
E_token_sort,non_match,name,50000,0.02997,0.0,0.13436,0.10526,0.0,0.0,0.0,100.0,20.806,17.688,61.506,
F_combined,non_match,name,50000,0.04523,0.0,0.16089,0.11538,0.0,7.126,0.0,92.874,22.078,10.138,67.784,
A_current,true_match,address,172731,0.6063,0.64286,0.78107,0.84483,8.305,0.0,0.0,100.0,0.0,0.0,100.0,0.73289
B_lower_punct,true_match,address,172731,0.59736,0.625,0.78123,0.84507,8.301,0.008,9.222,90.769,2.947,0.113,96.94,0.73289
C_whitespace,true_match,address,172731,0.30011,0.25,0.53608,0.46914,2.276,2.312,71.268,26.42,22.037,71.089,6.875,0.73289
D_abbrev,true_match,address,172731,0.66119,0.66667,0.80024,0.86792,11.74,25.544,0.061,74.395,39.217,5.44,55.343,0.73289
E_numeric,true_match,address,172731,0.73289,1.0,0.78059,1.0,61.803,58.63,22.521,18.85,59.309,27.729,12.962,0.73289
F_token_set,true_match,address,172731,0.6063,0.64286,0.78444,0.84722,11.767,0.0,0.0,100.0,22.565,20.478,56.958,0.73289
A_current,non_match,address,50000,0.01501,0.0,0.16521,0.15909,0.0,0.0,0.0,100.0,0.0,0.0,100.0,0.01168
B_lower_punct,non_match,address,50000,0.01482,0.0,0.16526,0.15909,0.0,0.0,3.206,96.794,2.918,0.088,96.994,0.01168
C_whitespace,non_match,address,50000,0.00593,0.0,0.13778,0.125,0.0,2.026,15.172,82.802,37.574,58.07,4.356,0.01168
D_abbrev,non_match,address,50000,0.01918,0.0,0.17369,0.16667,0.0,4.67,0.0,95.33,27.574,25.966,46.46,0.01168
E_numeric,non_match,address,50000,0.01168,0.0,0.03968,0.0,0.454,3.268,18.218,78.514,8.77,85.614,5.616,0.01168
F_token_set,non_match,address,50000,0.01501,0.0,0.16549,0.15909,0.0,0.0,0.0,100.0,23.76,21.942,54.298,0.01168
