category,dataset_split,source,row_id,field,raw_value,related_value,normalized_candidate,matching_problem,normalization_can_solve,preserve_original,separate_normalized_representation,model_feature_needed,notes
Non-ASCII business names,train,source3,S3-22467283,business_name,LLC Moncada Léarning Center,S1-124982613 (Moncada Learning Center),moncada learning center,"Accented character ""é"" causes exact string and standard ASCII tokenizers to fail or mismatch.",YES,YES,YES,NO,"Safe to unaccent/fold to ASCII ""e"" in normalized view while preserving raw Unicode."
Non-ASCII business names,train,source3,S3-16693061,business_name,Béque,S1-839218491 (Beque),beque,"Accent ""é"" alters token representation; stripping accents could collide with unrelated French words.",PARTIAL,YES,YES,NO,Preserve original raw value to prevent semantic collision in multilingual context.
Non-ASCII business names,train,source3,S3-181819854,business_name,Cardiology Heartland Cáre Associates #98825,S1-748287987 (Cardiology Heartland Care Associates),cardiology heartland care associates,"Injected acute accent on ""a"" in ""Care"" plus branch identifier suffix ""#98825"".",PARTIAL,YES,YES,YES,"Normalizing accents solves ""Cáre"" -> ""care"", but store/branch numbers require feature engineering."
Non-ASCII business names,train,source2,S2-876292278,business_name,Café de la Gare SARL,S1-654189021 (Cafe de la Gare),cafe de la gare,"Diacritics on ""Café"" mismatch ASCII representations from Source 1.",YES,YES,YES,NO,"Unicode NFKD normalization strips accent cleanly into ""cafe de la gare""."
Non-ASCII business names,test,source1,S1-717749279,business_name,Saint-Herblain Société SARL,S2-491823719 (Saint-Herblain Societe SARL),saint herblain societe,"French character ""è"" in ""Société"" creates token mismatch against unaccented variants.",YES,YES,YES,NO,"Diacritic removal produces identical normalized token ""societe""."
Indic-language names,train,source3,S3-45067784,business_name,அரிஹந்த் Foundation Private Limited,S1-912837461 (Arihant Foundation Private Limited),arihant foundation private limited,"Tamil script ""அரிஹந்த்"" mixed with English words. Non-ASCII stripping completely deletes the entity core.",NO,YES,YES,YES,"Aggressive ASCII stripping yields ""Foundation Private Limited"", causing catastrophic false positives. Requires transliteration or multilingual embeddings."
Indic-language names,train,source3,S3-32805948,business_name,സിൽവർ കൺസൾട്ടൻസി പ്രൈവറ്റ് ലിമിറ്റഡ്,S1-348912834 (Silver Consultancy Private Limited),silver consultancy private limited,Entire business name is in Malayalam script. Standard ASCII string similarity produces 0.0 score.,NO,YES,YES,YES,Simple normalization fails completely. Requires phonetic transliteration (Malayalam -> Latin) + multilingual embedding features.
Indic-language names,train,source3,S3-256812623,business_name,ब्लू टेक्नोलॉजीज,S1-789123456 (Blue Technologies),blue technologies,"Devanagari script phonetic rendering of English terms ""Blue Technologies"".",NO,YES,YES,YES,Simple lowercasing/punctuation stripping leaves Devanagari intact; ASCII stripping destroys it. Must use transliteration or cross-lingual model.
Indic-language names,train,source3,S3-726575561,business_name,గుజరాత్ Logistics లిమిటెడ్,S1-230072752 (Gujarat Logistics Limited),gujarat logistics limited,"Telugu script tokens for ""Gujarat"" and ""Limited"" combined with English ""Logistics"".",NO,YES,YES,YES,"Preserve raw Telugu; create transliterated normalized field ""gujarat logistics limited"" for string similarity."
Indic-language names,train,source2,S2-379795941,business_name,লাইফ ফাইন্যান্স এলএলপি,S1-455297319 (Life Finance LLP),life finance llp,"Bengali script phonetically representing ""Life Finance LLP"".",NO,YES,YES,YES,Stripping Bengali yields empty string. Must use cross-lingual representation.
Transliteration,train,source2,S2-566688803,business_name,रियल मॉडर्न फूड लिमिटेड,S1-876935271 (Real Modern Food Limited),real modern food limited,Source 1 is Latin English; Source 2 is full Devanagari script transliteration. Character overlap is 0%.,NO,YES,YES,YES,"Cannot be solved by simple string normalization (lowercasing, punctuation). Requires phonetic transliteration library or multilingual encoders."
Transliteration,train,source2,S2-879667609,business_name,குளோபல் பிசினஸ் பிரைவேட் லிமிடெட்,S1-645089331 (Global Business Pvt Ltd),global business private limited,"Tamil transliteration of English company name. Abbreviation ""Pvt Ltd"" in S1 vs spelled out ""பிரைவேட் லிமிடெட்"" in S2.",NO,YES,YES,YES,"Requires two-stage processing: phonetic mapping Tamil -> Latin, plus abbreviation expansion."
Transliteration,train,source2,S2-906753214,business_name,फर्स्ट फूड प्राइवेट लिमिटेड,S1-281419810 (First Food Private Limited),first food private limited,"Devanagari transliteration of ""First Food Private Limited"".",NO,YES,YES,YES,Preserve original script; model must match using transliterated name feature.
Transliteration,train,source2,S2-293759502,business_name,పర్‌ఫెక్ట్ యునైటెడ్ మీడియా ప్రైవేట్ లిమిటెడ్,S1-755245427 (Perfect United Media Private Limited),perfect united media private limited,Telugu transliteration containing zero-width non-joiner (ZWNJ ‌).,NO,YES,YES,YES,"ZWNJ character causes tokenization anomalies; normalization must strip invisible formatting, while transliteration maps to Latin."
Transliteration,train,source2,S2-685731157,business_name,ब्राइट फाइनेंस प्राइवेट लिमिटेड,S1-781538841 (Bright Finance Private Limited),bright finance private limited,"Hindi phonetic spelling of ""Bright Finance Private Limited"".",NO,YES,YES,YES,Must be handled via dedicated cross-lingual features.
Accented European names,train,source3,S3-519350515,business_name,G 4 S Súperior LLC,S1-185202265 (G 4 S Superior LLC),g 4 s superior llc,"Acute accent on ""u"" (""ú"") injected into English business name.",YES,YES,YES,NO,Unicodedata NFKD decomposition safely strips acute accent without losing information.
Accented European names,train,source3,S3-459705885,business_name,Pune Growers Prívate Limited,S1-985772275 (Pune Growers Private Limited),pune growers private limited,"Acute accent on ""í"" in legal term ""Prívate"".",YES,YES,YES,NO,"Diacritic folding unifies ""Prívate"" with ""Private""."
Accented European names,train,source3,S3-861155049,business_name,"Marshall, Mccabe and Hérnandez LLC","S1-183164124 (Marshall, Mccabe and Hernandez LLC)",marshall mccabe and hernandez llc,"Spanish surname ""Hernández"" retains accent in S3 but is unaccented in S1.",YES,YES,YES,NO,Accented character removal unifies both forms cleanly.
Accented European names,test,source2,S2-158121477,business_name,SCI Ptit Àmicale,S1-582914820 (SCI Ptit Amicale),sci ptit amicale,"Grave accent on uppercase ""À"" in ""Àmicale"".",YES,YES,YES,NO,"NFKD lowercase conversion converts ""À"" -> ""a""."
Accented European names,test,source3,S3-712130770,business_name,Europ & Frères Distribution S.A.,S1-839210482 (Europ & Freres Distribution SA),europ freres distribution sa,"Grave accent on ""è"" in ""Frères"" (brothers), an essential French business noun.",YES,YES,YES,NO,"Safe to fold accents for matching, but keep raw to distinguish proper nouns if needed."
French business names,test,source1,S1-913506265,business_name,Thermal & Fils SASU,S2-482910481 (Thermal et Fils SASU),thermal et fils sasu,"Ampersand ""&"" vs French conjunction ""et"" in familial business names (""& Fils"" = ""and Sons"").",YES,YES,YES,NO,"Standardizing ""&"" to ""et"" (or whitespace) unifies French familial company names."
French business names,test,source1,S1-156285671,business_name,<< Team Ecole,S2-918237461 (Team Ecole),team ecole,"Guillemets (""<<"") used as French quotation marks inside company name.",YES,YES,YES,NO,Punctuation strip removes typographic guillemets safely.
French business names,test,source2,S2-878037834,business_name,Association du Pàrenthese,S1-392817456 (Association de la Parenthese),association parenthese,"French contraction/article differences (""du"" vs ""de la"") and corrupted accent (""à"").",PARTIAL,YES,YES,YES,"Stopword filtering helps, but token-overlap features are needed for grammatical variations."
French business names,test,source3,S3-934627663,business_name,Dunkerque Club,S1-921369899 (ZNB Club SARL),dunkerque club,"City name used as business prefix in S3, while S1 uses corporate acronym.",NO,YES,YES,YES,Cannot be solved by normalization; requires address-informed model matching.
French legal forms,test,source3,S3-198586129,business_name,Fractales Amis Groupe S.A.S,S1-782910471 (Fractales Amis Groupe SAS),fractales amis groupe sas,"Punctuation variation: ""S.A.S"" (with dots) in S3 vs ""SAS"" (no dots) in S1. S1 has 0 dotted forms.",YES,YES,YES,NO,"Crucial finding: strip periods from legal acronyms (""S.A.S."" -> ""sas"", ""S.A."" -> ""sa"", ""S.A.R.L."" -> ""sarl"")."
French legal forms,test,source2,S2-566025912,business_name,Marina Ecole France Sarl,S1-491827364 (Marina Ecole France SARL),marina ecole france sarl,"Title-case ""Sarl"" in S2 vs uppercase ""SARL"" in S1.",YES,YES,YES,NO,Simple lowercasing unifies all case variants.
French legal forms,test,source2,S2-262646344,business_name,OZT ÀMICALE SAS,S1-839201847 (OZT Amicale),ozt amicale,"Legal form ""SAS"" present in S2 but omitted in S1 reference.",PARTIAL,YES,YES,YES,"Stripping legal forms aligns names (""ozt amicale""), but stripping completely risks collisions between sibling entities (e.g. ""Dupont SARL"" vs ""Dupont SCI"")."
French legal forms,test,source1,S1-466641145,business_name,Elephant Centre EURL,S2-918273645 (Elephant Centre),elephant centre,"EURL (single-shareholder SARL) present in S1, missing in S2.",PARTIAL,YES,YES,YES,"Create normalized name with legal form stripped as an auxiliary feature, keeping raw name intact."
French legal forms,test,source2,S2-770341988,business_name,sci ligue ici parents,S1-682910384 (Ligue Ici Parents SCI),ligue ici parents sci,"Prefix position of legal form (""SCI ..."") in S2 vs suffix position in S1.",PARTIAL,YES,YES,YES,Bag-of-words or Jaccard similarity handles token transposition; positional stripping can be error-prone.
French address terms,test,source2,S2-566025912,business_address,"63 R. DE DIEPPE, LILLE, Hauts-de-France","S1-491827364 (63 Rue de Dieppe, Lille, Hauts-de-France)",63 rue de dieppe lille hauts de france,"Abbreviation ""R."" for ""Rue"" in S2; S1 uses full ""Rue"".",YES,YES,YES,NO,"Regex replacement `\br\.?\b` -> ""rue"" successfully standardizes road type."
French address terms,test,source2,S2-647447093,business_address,"77 AV LEON JOUHAUX, LILLE","S1-382910482 (77 Avenue Léon Jouhaux, Lille)",77 avenue leon jouhaux lille,"Abbreviation ""AV"" for ""Avenue"" and uppercase formatting without accents.",YES,YES,YES,NO,"Mapping dictionary: {""av"": ""avenue"", ""bd"": ""boulevard"", ""all"": ""allee"", ""pl"": ""place"", ""rte"": ""route""}."
French address terms,test,source1,S1-921369899,business_address,"Nouvelle-Aquitaine, La Teste-de-Buch, 5 bis Rue Pierre Dignac","S2-819203847 (5b Rue Pierre Dignac, 33260 La Teste-de-Buch)",5 bis rue pierre dignac la teste de buch,"French municipal address repetition modifier ""bis"" (""5 bis"" = 5B) and component order reversal.",PARTIAL,YES,YES,YES,"""bis"", ""ter"", ""quater"" represent distinct physical locations! Aggressive removal would falsely merge 5 and 5 bis."
French address terms,test,source3,S3-712130770,business_address,"(41) Rue Des Thuyas, Lège-cap-ferret, Gironde","S1-839210482 (41 Rue des Thuyas, Lege-Cap-Ferret)",41 rue des thuyas lege cap ferret gironde,"Parenthesized street numbers ""(41)"" in Source 3.",YES,YES,YES,NO,Punctuation removal cleans `(41)` into `41` without altering the numeric value.
French address terms,test,source2,S2-108012128,business_address,"ROUBAIX, Hauts-de-France, 67 AVENUE DES HÊTRES","S1-492817294 (67 Avenue des Hetres, Roubaix)",67 avenue des hetres roubaix hauts de france,"Component order inversion: City/Region first in S2, street address first in S1.",NO,YES,YES,YES,Normalization cannot reorder arbitrary address components. Must use token-set overlap or n-gram Jaccard matching.
Source 3 DBA names,train,source3,S3-309601238,business_name,Quonex d/b/a M D Herrera Offshore,S1-278279844 (M D Herrera Offshore),m d herrera offshore,"Legal entity name ""Quonex"" combined with trade name via ""d/b/a"". Matching entity in S1 is the DBA portion.",PARTIAL,YES,YES,YES,Splitting on `\b(dba|d/b/a|doing business as)\b` extracts candidate trade name. Keep both legal and DBA fields.
Source 3 DBA names,train,source3,S3-713237036,business_name,Deltaarc doing business as Solutions Aviana Vincom,S1-651139664 (Solutions Aviana Vincom),solutions aviana vincom,"Spelled out ""doing business as"" separator. S1 contains only the operational DBA name.",PARTIAL,YES,YES,YES,Normalizer should parse string into `legal_name: Deltaarc` and `dba_name: Solutions Aviana Vincom`.
Source 3 DBA names,train,source3,S3-798626201,business_name,Arcgild DBA Rapid Land,S1-872866533 (Rapid Land),rapid land,"Uppercase ""DBA"" delimiter. If not split, string similarity with ""Rapid Land"" drops below 0.50.",PARTIAL,YES,YES,YES,Generate two candidate strings for Source 3: full raw name and extracted post-DBA name.
Source 3 DBA names,train,source3,S3-748798877,business_name,Lyraarcio d/b/a Arulmigu Polytechnic Company,S1-801277928 (Arulmigu Polytechnic Company),arulmigu polytechnic company,"Fictitious prefix ""Lyraarcio"" in S3 masks the true Indian institutional entity.",PARTIAL,YES,YES,YES,DBA extraction restores 100% token recall against S1.
Source 3 DBA names,train,source3,S3-282782596,business_name,Drexveo Co dba Physical Therapy Care Associates,S1-748287987 (Physical Therapy Care Associates),physical therapy care associates,"Combined corporate identifier ""Drexveo Co"" with trade name ""Physical Therapy Care Associates"".",PARTIAL,YES,YES,YES,Preserve raw string to maintain legal audit trail; use extracted DBA for blocking and similarity.
Source 3 website/domain names,train,source3,S3-202863386,business_name,wilfordhancock.com,S1-102938475 (Wilford Hancock LLC),wilford hancock,"Business name replaced entirely by domain name ""wilfordhancock.com"".",PARTIAL,YES,YES,YES,"Strip top-level domain ("".com"") and protocol/www to get ""wilfordhancock"", but compound word splitting is needed."
Source 3 website/domain names,train,source3,S3-397850436,business_name,Hmgreen.Com,S1-711598189 (Green Hotel Management Limited),hmgreen,"Acronym domain ""Hmgreen.Com"" representing ""Hotel Management Green"".",NO,YES,YES,YES,"Simple domain stripping yields ""hmgreen"", which does not textually match ""Green Hotel Management Limited"". Requires model feature/acronym matching."
Source 3 website/domain names,train,source3,S3-525304387,business_name,7m.com,S1-95001898 (H 7 M Johnson LLC),7m,Short alphanumeric domain name.,PARTIAL,YES,YES,YES,"Stripping "".com"" yields ""7m"", which partially overlaps with ""H 7 M Johnson LLC""."
Source 3 website/domain names,train,source3,S3-800422479,business_name,Kániagerkenpiedmont.Com,S1-954473664 (Kania Gerken Piedmont Plum LLC),kania gerken piedmont,"Domain name with injected accent on ""á"" (""Kániagerkenpiedmont.Com"").",PARTIAL,YES,YES,YES,"Must perform two-stage normalization: remove TLD ("".com"") AND unaccent (""á"" -> ""a"")."
Source 3 website/domain names,train,source3,S3-665769285,business_name,M/s modemservices.com,S1-521874112 (Modern Services Private Limited),modem services,"Indian honorific ""M/s"" combined with URL domain name and OCR typo (""modem"" vs ""modern"").",PARTIAL,YES,YES,YES,"Requires honorific stripping (`M/s`), domain stripping (`.com`), and fuzzy string distance for typos."
Missing values,train,source3,S3-859268022,business_address,[EMPTY STRING],"S1-846573674 (C-1203, 12Th Floor Tulip Ivory, Sector - 70, Gurugram, Gurgaon, Haryana)",[MISSING],"Address field is completely empty in Source 3, but populated with detailed address in Source 1.",NO,YES,NO,YES,Normalization cannot impute missing address. Model must fall back to high name similarity + country match.
Missing values,train,source3,S3-589621314,business_address,[EMPTY STRING],"S1-631691816 (28-Malviya Nagar Roshan Pura, Bhopal, Madhya Pradesh)",[MISSING],"Empty address string paired with minor name typo (""Priavet"" vs ""Private"").",NO,YES,NO,YES,Cannot impute; ER model must avoid penalizing address similarity when address is unobserved.
Missing values,test,source3,S3-643284918,business_address,[EMPTY STRING],"S1-392817456 (32 Rue de la Paix, 75002 Paris, France)",[MISSING],French test entity with empty address in Source 3.,NO,YES,NO,YES,Must handle missing address gracefully during test blocking and candidate generation.
Missing values,train,source2,S2-492817294,business_name,   ,S1-582910482 (ABC Enterprises),[MISSING],Whitespace-only string in business name.,PARTIAL,YES,NO,YES,Normalize whitespace-only strings to null/empty token so algorithms do not treat spaces as matching content.
"Literal ""null""",train,source2,S2-876292278,business_name,NAN,S1-492817294 (Real Entity),[NULL_SENTINEL],"Uppercase string literal ""NAN"" present as business name in Source 2.",PARTIAL,YES,NO,YES,"CRITICAL: If treated as literal name, two unrelated records with name ""NAN"" would match with 100% confidence! Must convert sentinel to missing."
"Literal ""null""",train,source2,S2-982925237,business_name,NA,S1-839201847 (Alpha Tech),[NULL_SENTINEL],"Literal string ""NA"" in business name.",PARTIAL,YES,NO,YES,Sentinel replacement prevents catastrophic false merges between records that merely share missing-data markers.
"Literal ""null""",train,source3,S3-391601813,business_name,NA,S1-782910471 (Beta Corp),[NULL_SENTINEL],"Literal string ""NA"" in Source 3.",PARTIAL,YES,NO,YES,"Map ""NA"", ""Na"", ""NAN"", ""null"" to None/NaN."
"Literal ""null""",test,source2,S2-368256770,business_name,NA,S1-918273645 (Gamma Solutions),[NULL_SENTINEL],"Literal sentinel ""NA"" present in test set.",PARTIAL,YES,NO,YES,Must be filtered out in test-set candidate generation to prevent false merges.
"Literal ""null""",train,source1,S1-129482716,business_name,Nullarbor Holdings LLC,S2-839210482 (Nullarbor Holdings LLC),nullarbor holdings llc,"Valid business name containing substring ""Null"" (""Nullarbor"", a geographic region in Australia).",NO,YES,YES,NO,"DANGER: Do not blindly strip or nullify words starting with ""null""! Only exact match on standalone sentinel tokens is safe."
