strategy_name,target_source,total_true_matches,retrieved_true_matches,recall,avg_candidates,median_candidates,p95_candidates,max_candidates,runtime_sec,memory_mb
Country + exact name_cleaned,S2,79835,39729,0.497639,0.3975,0.0,1.0,2,1.1318,24.58
Country + exact name_alphanumeric,S2,79835,39730,0.497651,0.3975,0.0,1.0,2,1.2404,24.46
Country + exact name_no_accents,S2,79835,39729,0.497639,0.3975,0.0,1.0,2,1.3967,24.46
Country + shared name tokens,S2,7985,7980,0.999374,8478.2884,9382.0,9596.0,10393,8.0766,25.56
Country + rare tokens (freq <= 500),S2,7985,7980,0.999374,1.158,1.0,2.0,2,0.6573,22.08
Country + rare tokens (freq <= 100),S2,7985,7980,0.999374,1.158,1.0,2.0,2,0.6222,22.08
Country + 2-gram (Top-5),S2,3988,474,0.118857,1.1436,0.0,5.0,5,13.1074,467.93
Country + 2-gram (Top-10),S2,3988,618,0.154965,2.248,0.0,10.0,10,13.1074,467.93
Country + 2-gram (Top-20),S2,3988,705,0.17678,4.2742,0.0,20.0,20,13.1074,467.93
Country + 2-gram (Top-50),S2,3988,807,0.202357,9.2164,0.0,50.0,50,13.1074,467.93
Country + 3-gram (Top-5),S2,3988,3763,0.943581,4.9878,5.0,5.0,5,18.9642,474.97
Country + 3-gram (Top-10),S2,3988,3868,0.96991,9.9682,10.0,10.0,10,18.9642,474.97
Country + 3-gram (Top-20),S2,3988,3927,0.984704,19.9066,20.0,20.0,20,18.9642,474.97
Country + 3-gram (Top-50),S2,3988,3971,0.995737,49.231,50.0,50.0,50,18.9642,474.97
Country + 4-gram (Top-5),S2,3988,3952,0.990973,4.9928,5.0,5.0,5,23.07,470.36
Country + 4-gram (Top-10),S2,3988,3976,0.996991,9.9838,10.0,10.0,10,23.07,470.36
Country + 4-gram (Top-20),S2,3988,3979,0.997743,19.9638,20.0,20.0,20,23.07,470.36
Country + 4-gram (Top-50),S2,3988,3980,0.997994,49.8724,50.0,50.0,50,23.07,470.36
Country + exact name_cleaned,S3,69863,48918,0.700199,0.4895,0.0,1.0,2,1.0716,23.01
Country + exact name_alphanumeric,S3,69863,48919,0.700213,0.4895,0.0,1.0,2,1.0651,23.01
Country + exact name_no_accents,S3,69863,48918,0.700199,0.4895,0.0,1.0,2,1.0721,23.01
Country + shared name tokens,S3,7056,7051,0.999291,8626.3922,9563.0,9753.0,9880,8.461,24.57
Country + rare tokens (freq <= 500),S3,7056,7051,0.999291,1.0651,1.0,2.0,2,0.5721,20.84
Country + rare tokens (freq <= 100),S3,7056,7051,0.999291,1.0651,1.0,2.0,2,0.6203,20.84
Country + 2-gram (Top-5),S3,3546,807,0.22758,2.2364,0.0,5.0,5,12.5804,448.67
Country + 2-gram (Top-10),S3,3546,1051,0.29639,4.4286,0.0,10.0,10,12.5804,448.67
Country + 2-gram (Top-20),S3,3546,1220,0.34405,8.588,0.0,20.0,20,12.5804,448.67
Country + 2-gram (Top-50),S3,3546,1387,0.391145,19.9554,0.0,50.0,50,12.5804,448.67
Country + 3-gram (Top-5),S3,3546,3423,0.965313,4.9964,5.0,5.0,5,29.5051,457.96
Country + 3-gram (Top-10),S3,3546,3508,0.989284,9.9916,10.0,10.0,10,29.5051,457.96
Country + 3-gram (Top-20),S3,3546,3535,0.996898,19.9762,20.0,20.0,20,29.5051,457.96
Country + 3-gram (Top-50),S3,3546,3539,0.998026,49.8418,50.0,50.0,50,29.5051,457.96
Country + 4-gram (Top-5),S3,3546,3526,0.99436,4.9894,5.0,5.0,5,35.8424,457.88
Country + 4-gram (Top-10),S3,3546,3534,0.996616,9.9764,10.0,10.0,10,35.8424,457.88
Country + 4-gram (Top-20),S3,3546,3538,0.997744,19.9478,20.0,20.0,20,35.8424,457.88
Country + 4-gram (Top-50),S3,3546,3538,0.997744,49.8474,50.0,50.0,50,35.8424,457.88
