method,source,evaluated_s1_count,true_matches,retrieved_true_matches,candidate_recall,average_candidates_per_s1,median_candidates,p95_candidates,maximum_candidates,runtime_seconds,memory_mb,parameters,notes
Method 1: Country + exact addr_cleaned,Source 2,100000,16486,1790,0.108577,0.02,0.0,0.0,4,4.76,4091.8,S1.country == target.country and S1.addr_cleaned == target.addr_cleaned,Exact string equality on Unicode NFC lowercase address. Zero tolerance for variations.
Method 2: Country + exact addr_alphanumeric,Source 2,100000,16486,2097,0.127199,0.03,0.0,0.0,4,0.91,4191.0,S1.country == target.country and S1.addr_alphanumeric == target.addr_alphanumeric,Punctuation-stripped lowercase address equality. Tolerates comma/dash variations.
Method 3: Country + shared address tokens,Source 2,100000,16486,14775,0.896215,187.41,200.0,200.0,200,15.99,4263.3,"Tokens len>=3, DF in [2, 3000], stopwords filtered, max_candidates_cap=200",Inverted index on discriminative address tokens. Raw max candidates reached 3250.
Method 4: Country + any numeric token overlap,Source 2,100000,16486,8831,0.535667,116.82,146.0,200.0,200,38.16,4300.5,"Shared >= 1 numeric token, DF<=5000, cap=200","High recall but massive candidate explosion on common numbers like 1, 2, 100. Raw max: 19141."
Method 4 (Sub): Country + all numeric tokens overlap,Source 2,100000,16486,8578,0.52032,162.56,6.0,721.0,4660,38.16,4300.5,S1.numeric_set.issubset(target.numeric_set),Requires target to contain every numeric token from S1.
Method 4 (Sub): Country + shared numeric count >= 2,Source 2,100000,16486,2717,0.164807,2.59,0.0,8.0,336,38.16,4300.5,len(S1.numeric_set & target.numeric_set) >= 2,Significantly eliminates single-digit noise while maintaining good multi-number recall.
Method 4 (Sub): Country + numeric Jaccard >= 0.5,Source 2,100000,16486,7620,0.46221,33.27,7.0,100.0,100,38.16,4300.5,Numeric Jaccard similarity >= 0.5,Balanced numeric similarity penalizing large dissimilar numeric sets.
Method 5: Country + exact numeric-token set,Source 2,100000,16486,9366,0.568118,84.36,7.0,444.0,1383,1.71,4348.7,S1.numeric_set == target.numeric_set (non-empty),Exact equality of numeric sets. Strong reduction ratio with high precision.
Method 6: Country + house-number overlap,Source 2,100000,16486,7350,0.445833,78.7,36.0,200.0,200,1.57,4368.7,Extracted street house number equality (cap=200),"Captures building address number. Explodes on common numbers like 1, 100, 101."
Method 7: Country + postal-code overlap,Source 2,100000,16486,713,0.043249,0.15,0.0,0.0,17,0.36,4373.6,Extracted 5-digit US/FR or 6-digit IN postal code,Postal codes missing in 93.5% of S1 records. Highly constrained recall ceiling.
Method 8: Country + character 3-gram address retrieval,Source 2,100000,16486,0,0.0,0.0,0.0,0.0,1,38.75,4420.6,"Char 3-grams, rarity-guided lookup, Jaccard >= 0.35, cap=100","Tolerates OCR typos, small abbreviations, and character transpositions."
Method 9: Country + address token similarity,Source 2,100000,16486,9419,0.571333,3.52,0.0,22.0,100,25.92,4457.8,"Token Jaccard >= 0.3, stopwords filtered, cap=100",Captures token reordering and partial address overlap with high precision.
Method 1: Country + exact addr_cleaned,Source 3,100000,16983,766,0.045104,0.01,0.0,0.0,2,4.86,4021.9,S1.country == target.country and S1.addr_cleaned == target.addr_cleaned,Exact string equality on Unicode NFC lowercase address. Zero tolerance for variations.
Method 2: Country + exact addr_alphanumeric,Source 3,100000,16983,766,0.045104,0.01,0.0,0.0,2,0.94,4129.6,S1.country == target.country and S1.addr_alphanumeric == target.addr_alphanumeric,Punctuation-stripped lowercase address equality. Tolerates comma/dash variations.
Method 3: Country + shared address tokens,Source 3,100000,16983,14645,0.862333,189.29,200.0,200.0,200,19.9,4199.4,"Tokens len>=3, DF in [2, 3000], stopwords filtered, max_candidates_cap=200",Inverted index on discriminative address tokens. Raw max candidates reached 3141.
Method 4: Country + any numeric token overlap,Source 3,100000,16983,9027,0.531532,120.42,170.0,200.0,200,43.87,4238.4,"Shared >= 1 numeric token, DF<=5000, cap=200","High recall but massive candidate explosion on common numbers like 1, 2, 100. Raw max: 22401."
Method 4 (Sub): Country + all numeric tokens overlap,Source 3,100000,16983,9813,0.577813,182.44,7.0,906.0,4978,43.87,4238.4,S1.numeric_set.issubset(target.numeric_set),Requires target to contain every numeric token from S1.
Method 4 (Sub): Country + shared numeric count >= 2,Source 3,100000,16983,3352,0.197374,4.15,0.0,16.0,495,43.87,4238.4,len(S1.numeric_set & target.numeric_set) >= 2,Significantly eliminates single-digit noise while maintaining good multi-number recall.
Method 4 (Sub): Country + numeric Jaccard >= 0.5,Source 3,100000,16983,8421,0.495849,34.43,9.0,100.0,100,43.87,4238.4,Numeric Jaccard similarity >= 0.5,Balanced numeric similarity penalizing large dissimilar numeric sets.
Method 5: Country + exact numeric-token set,Source 3,100000,16983,10280,0.605311,87.01,7.0,456.0,1614,1.96,4292.6,S1.numeric_set == target.numeric_set (non-empty),Exact equality of numeric sets. Strong reduction ratio with high precision.
Method 6: Country + house-number overlap,Source 3,100000,16983,7672,0.451746,78.79,36.0,200.0,200,1.75,4312.7,Extracted street house number equality (cap=200),"Captures building address number. Explodes on common numbers like 1, 100, 101."
Method 7: Country + postal-code overlap,Source 3,100000,16983,816,0.048048,0.15,0.0,0.0,17,0.34,4315.6,Extracted 5-digit US/FR or 6-digit IN postal code,Postal codes missing in 93.5% of S1 records. Highly constrained recall ceiling.
Method 8: Country + character 3-gram address retrieval,Source 3,100000,16983,2,0.000118,0.0,0.0,0.0,2,38.3,4381.9,"Char 3-grams, rarity-guided lookup, Jaccard >= 0.35, cap=100","Tolerates OCR typos, small abbreviations, and character transpositions."
Method 9: Country + address token similarity,Source 3,100000,16983,10789,0.635282,2.04,0.0,8.0,100,29.74,4425.7,"Token Jaccard >= 0.3, stopwords filtered, cap=100",Captures token reordering and partial address overlap with high precision.
